"@timestamp","source.port","shodan.product","syslog.host_device","source.ip"
"Mar 15, 2023 @ 05:03:57.265",3306,MySQL,"dell_r5500.ceas.uwm.edu","129.89.25.241"
"Mar 15, 2023 @ 05:00:18.930",3306,MySQL,"-","128.104.224.89"
"Mar 15, 2023 @ 05:01:35.478",3306,MySQL,"-","128.104.50.93"
"Mar 15, 2023 @ 05:00:06.789",3306,MySQL,"easyvizar.wings.cs.wisc.edu","128.105.22.228"
"Mar 15, 2023 @ 05:02:20.749",3306,MySQL,"-","144.92.92.59"
"Mar 15, 2023 @ 05:01:45.570",3306,MySQL,"eagleheights-105-2.resnet.wisc.edu","146.151.105.2"
"Mar 15, 2023 @ 05:01:45.566",3306,MySQL,"-","144.92.92.107"
"Mar 15, 2023 @ 05:03:35.149",5432,PostgreSQL,"c220g2-011301.wisc.cloudlab.us","128.105.145.136"
"Mar 15, 2023 @ 05:01:00.158",5432,PostgreSQL,"epace-server.imt.uwm.edu","129.89.116.27"
"Mar 15, 2023 @ 05:00:33.971",5432,PostgreSQL,"c220g5-111014.wisc.cloudlab.us","128.105.144.184"
"Mar 15, 2023 @ 05:03:54.246",6379,"-","c220g5-110529.wisc.cloudlab.us","128.105.144.135"
"Mar 15, 2023 @ 05:03:58.277",6379,"Redis key-value store","c220g5-110402.wisc.cloudlab.us","128.105.144.76"
"Mar 15, 2023 @ 05:03:21.061",6379,"Redis key-value store","c220g2-010623.wisc.cloudlab.us","128.105.145.33"
"Mar 15, 2023 @ 05:02:31.795",6379,"-","c220g1-031106.wisc.cloudlab.us","128.105.145.239"
